Item Code,Color Code,Grade,Batch No,SQM,Remarks
AR-1101,Bright Silver,BS,LJ-2422,2612,In Stock
AR-1101,Bright Silver,BS,LJ-2423,2852,In Stock
AR-1101,Bright Silver,BS,SB-175,218,In Stock
AR-1101,Bright Silver,BS,SB-176,1386,In Stock
AR-1101,Bright Silver,BS,ZT-006,286,In Stock
AR-1101,Bright Silver,BS,ZT-008,7056,In Stock
AR-1101,Bright Silver,BS,ZT-009,7342,In Stock
AR-1101,Bright Silver,BS,ZT-011,11443,In Stock
AR-1101,Bright Silver,BS,ZT-012,12085,In Stock
AR-1101,Bright Silver,GL,LJ-5083,1072,In Stock
AR-1101,Bright Silver,GL,LJ-5138,2079,In Stock
AR-1101,Bright Silver,GL,LJ-5139,4251,In Stock
AR-1101,Bright Silver,MQ,LJ-5054,3856,In Stock
AR-1101,Bright Silver,RB/TI,ETB0136,790,In Stock
AR-1101,Bright Silver,RB/TI,ETB0528A,186,In Stock
AR-1101,Bright Silver,RB/TI,ETB0531,2690,In Stock
AR-1101,Bright Silver,RB/TI,ETB0533,3024,In Stock
AR-1101,Bright Silver,RB/TI,ETB0534,1874,In Stock
AR-1102,Silver,GL,ETA203A,206,In Stock
AR-1102,Silver,GL,ETA203D,646,In Stock
AR-1102,Silver,GL,ETA203E,1973,In Stock
AR-1102,Silver,GL,LJ-5092,1007,In Stock
AR-1102,Silver,RB/TI,ETA187,286,In Stock
AR-1102,Silver,RB/TI,ETB0012,710,In Stock
AR-1102,Silver,RB/TI,ETB0494A,463,In Stock
AR-1102,Silver,RB/TI,ETB0494B,4082,In Stock
AR-1102,Silver,RB/TI,ETB0495,2236,In Stock
AR-1104,Champagne Gold,GL,LJ-5086,4402,In Stock
AR-1104,Champagne Gold,RB/TI,ETB0041,939,In Stock
AR-1104,Champagne Gold,RB/TI,ETB0135,1173,In Stock
AR-1107,Red,GL,LJ-5067,1089,In Stock
AR-1107,Red,GL,LJ-5093,4412,In Stock
AR-1107,Red,GL,LJ-5094,4447,In Stock
AR-1107,Red,RB/TI,ETB0011,465,In Stock
AR-1107,Red,RB/TI,LJ-4409,1489,In Stock
AR-1107,Red,RB/TI,LJ-4671,1244,In Stock
AR-1108,Yellow,GL,LJ-5068,3698,In Stock
AR-1108,Yellow,GL,LJ-5095,4471,In Stock
AR-1108,Yellow,GL,LJ-5096,4512,In Stock
AR-1108,Yellow,RB/TI,ETB0139,861,In Stock
AR-1108,Yellow,RB/TI,LJ-4836,763,In Stock
AR-1108,Yellow,RB/TI,LJ-5019,2447,In Stock
AR-1109,Rich Gold,GL,ETA161B,2821,In Stock
AR-1109,Rich Gold,RB/TI,ETA091B,1203,In Stock
AR-1109,Rich Gold,RB/TI,ETB0150,1251,In Stock
AR-1110,Tomato Red,RB/TI,ETB0461,1191,In Stock
AR-1110,Tomato Red,RB/TI,ETB0462,2843,In Stock
AR-1111,Pure White,GL,GK-2600,4289,In Stock
AR-1111,Pure White,GL,GK-2601,5612,In Stock
AR-1111,Pure White,GL,GK-2602,5725,In Stock
AR-1111,Pure White,GL,ZT-556,9162,In Stock
AR-1111,Pure White,MQ,GK-2611,8433,In Stock
AR-1111,Pure White,MQ,GK-2612,9464,In Stock
AR-1111,Pure White,RB/TI,ETA020,948,In Stock
AR-1111,Pure White,RB/TI,ETB0141,800,In Stock
AR-1111,Pure White,RB/TI,ETB0662A,3127,In Stock
AR-1111,Pure White,RB/TI,ETB0662B,2960,In Stock
AR-1112,Off White,GL,LJ-5110,230,In Stock
AR-1112,Off White,GL,LJ-5111,4478,In Stock
AR-1112,Off White,GL,LJ-5112,5763,In Stock
AR-1112,Off White,GL,LJ-5158,4038,In Stock
AR-1112,Off White,GL,LJ-5159,4478,In Stock
AR-1112,Off White,GL,ZT-553,8814,In Stock
AR-1112,Off White,MQ,GK-2609,8344,In Stock
AR-1112,Off White,MQ,GK-2610,8605,In Stock
AR-1112,Off White,RB/TI,ETB0405,749,In Stock
AR-1112,Off White,RB/TI,ETB0616,987,In Stock
AR-1112,Off White,RB/TI,ETB0617,600,In Stock
AR-1113,Copper,GL,LJ-5087,3309,In Stock
AR-1113,Copper,RB/TI,ETA106,1047,In Stock
AR-1113,Copper,RB/TI,ETB0140,550,In Stock
AR-1113,Copper,RB/TI,ETB0543,3455,In Stock
AR-1114,Black,GL,LJ-5114,3017,In Stock
AR-1114,Black,GL,LJ-5115,5845,In Stock
AR-1114,Black,GL,LJ-5123,4337,In Stock
AR-1114,Black,GL,LJ-5124,4364,In Stock
AR-1114,Black,RB/TI,ETB0323C,1017,In Stock
AR-1114,Black,RB/TI,ETB0507,2231,In Stock
AR-1114,Black,RB/TI,ETB0605,1796,In Stock
AR-1114,Black,RB/TI,ETB0606,2011,In Stock
AR-1115,Dark Green,GL,LJ-5116,3065,In Stock
AR-1115,Dark Green,GL,LJ-5125,3405,In Stock
AR-1115,Dark Green,RB/TI,LJ-4473,658,In Stock
AR-1115,Dark Green,RB/TI,LJ-4675,2222,In Stock
AR-1116,HP Blue,GL,LJ-5126,2883,In Stock
AR-1116,HP Blue,GL,LJ-5127,3491,In Stock
AR-1116,HP Blue,RB/TI,ETB0529,3830,In Stock
AR-1117,Navy Blue,GL,LJ-5119,2137,In Stock
AR-1117,Navy Blue,GL,LJ-5128,4845,In Stock
AR-1117,Navy Blue,RB/TI,ETB0159B,1214,In Stock
AR-1117,Navy Blue,RB/TI,ETB0541,3182,In Stock
AR-1117,Navy Blue,RB/TI,ETB0542,451,In Stock
AR-1117,Navy Blue,RB/TI,LJ-4547,403,In Stock
AR-1119,Grass Green,GL,LJ-5084,880,In Stock
AR-1119,Grass Green,GL,LJ-5120,3512,In Stock
AR-1120,Metallic Bronze,GL,GK-2488,2873,In Stock
AR-1120,Metallic Bronze,GL,GK-2590,3581,In Stock
AR-1120,Metallic Bronze,RB/TI,GK-2337,1475,In Stock
AR-1121,dark Pink,GL,LJ-5058,299,In Stock
AR-1121,dark Pink,GL,LJ-5098,1835,In Stock
AR-1121,dark Pink,GL,LJ-5121,5399,In Stock
AR-1121,dark Pink,RB/TI,ETB0146,1104,In Stock
AR-1121,dark Pink,RB/TI,LJ-3700,770,In Stock
AR-1121,dark Pink,RB/TI,LJ-4676,2355,In Stock
AR-1122,Metallic Blue,GL,GK-2596,5062,In Stock
AR-1123,Copper Bronze,GL,LJ-5059,5230,In Stock
AR-1123,Copper Bronze,GL,LJ-5160,5526,In Stock
AR-1123,Copper Bronze,RB/TI,ETB0365,916,In Stock
AR-1123,Copper Bronze,RB/TI,ETB0663,2243,In Stock
AR-1123,Copper Bronze,RB/TI,ETB0664,1931,In Stock
AR-1126,Dark Grey Silver,GL,LJ-4846,2364,In Stock
AR-1126,Dark Grey Silver,GL,LJ-5073,3612,In Stock
AR-1126,Dark Grey Silver,GL,LJ-5074,5213,In Stock
AR-1126,Dark Grey Silver,GL,LJ-5161,4000,In Stock
AR-1126,Dark Grey Silver,GL,LJ-5162,4048,In Stock
AR-1126,Dark Grey Silver,MQ,LJ-5056,8660,In Stock
AR-1126,Dark Grey Silver,RB/TI,ETB0749,1003,In Stock
AR-1126,Dark Grey Silver,RB/TI,ETB0764A,2423,In Stock
AR-1126,Dark Grey Silver,RB/TI,ETB0764B,2802,In Stock
AR-1128,Signal Orange,GL,LJ-5099,1419,In Stock
AR-1128,Signal Orange,GL,LJ-5129,5024,In Stock
AR-1128,Signal Orange,GL,LJ-5163,5450,In Stock
AR-1128,Signal Orange,RB/TI,LJ-4812,160,In Stock
AR-1128,Signal Orange,RB/TI,LJ-4858,3056,In Stock
AR-1128,Signal Orange,RB/TI,LJ-5027,3129,In Stock
AR-1128,Signal Orange,RB/TI,LJ-5028,3152,In Stock
AR-1130,Solid Gray,GL,GK-2583,1340,In Stock
AR-1130,Solid Gray,GL,GK-2613,5144,In Stock
AR-1130,Solid Gray,GL,GK-2614,8663,In Stock
AR-1130,Solid Gray,RB/TI,ETA125,506,In Stock
AR-1130,Solid Gray,RB/TI,ETB0017,662,In Stock
AR-1130,Solid Gray,RB/TI,ETB0690,4112,In Stock
AR-1133,Beige,GL,LJ-5107,4045,In Stock
AR-1133,Beige,GL,LJ-5108,4460,In Stock
AR-1133,Beige,GL,LJ-5130,4368,In Stock
AR-1133,Beige,GL,LJ-5131,4402,In Stock
AR-1133,Beige,RB/TI,ETB0455,403,In Stock
AR-1133,Beige,RB/TI,ETB0750A,1443,In Stock
AR-1133,Beige,RB/TI,ETB0750B,2117,In Stock
AR-1134,Rose Gold,GL,LJ-4975,220,In Stock
AR-1134,Rose Gold,GL,LJ-5075,4031,In Stock
AR-1134,Rose Gold,GL,LJ-5164,5289,In Stock
AR-1134,Rose Gold,RB/TI,LJ-5031,3503,In Stock
AR-1136,Solid Burgundy,GL,LJ-5109,2282,In Stock
AR-1136,Solid Burgundy,RB/TI,ETB0148,1450,In Stock
AR-1136,Solid Burgundy,RB/TI,ETB0682,385,In Stock
AR-1136,Solid Burgundy,RB/TI,ETB0683,2346,In Stock
AR-1137,Blue,GL,LJ-5132,5299,In Stock
AR-1137,Blue,RB/TI,ETB0018,566,In Stock
AR-1137,Blue,RB/TI,ETB0544,2994,In Stock
AR-1137,Blue,RB/TI,LJ-5033,1212,In Stock
AR-1138,Warm White,MQ,LJ-4642,2962,In Stock
AR-1138,Warm White,MQ,LJ-4680,3876,In Stock
AR-1147,Anthracite Grey,RB/TI,ETB0014,282,In Stock
AR-1147,Anthracite Grey,RB/TI,ETB0015,389,In Stock
AR-1152,Metallic Grey,GL,GK-2597,471,In Stock
AR-1152,Metallic Grey,GL,GK-2598,6914,In Stock
AR-1152,Metallic Grey,GL,GK-2615,8550,In Stock
AR-1152,Metallic Grey,RB/TI,ETB0165,1668,In Stock
AR-1152,Metallic Grey,RB/TI,ETB0459B,864,In Stock
AR-1152,Metallic Grey,RB/TI,ETB0460,2499,In Stock
AR-1203,BROWNY MARBLE,RB/TI,BLL-798,6009,In Stock
AR-1208,Gilded Grey,RB/TI,BLL-1148,3107,In Stock
AR-1209,Dark Emperador,RB/TI,BLL-1141,1709,In Stock
AR-1209,Dark Emperador,RB/TI,BLL-1146,3693,In Stock
AR-1210,Travertino,RB/TI,FT-422,2261,In Stock
AR-1251,Lava Grey,RB/TI,BLL-1042,1384,In Stock
AR-1251,Lava Grey,RB/TI,BLL-1124,1402,In Stock
AR-1252,Raw Graphite,RB/TI,BLL-1111,1271,In Stock
AR-1252,Raw Graphite,RB/TI,BLL-1128,2348,In Stock
AR-1253,Bare Cuprite,RB/TI,BLL-1110,1244,In Stock
AR-1253,Bare Cuprite,RB/TI,BLL-1127,2486,In Stock
AR-1303,Chocolate Brown,GL,GK-2603,4289,In Stock
AR-1303,Chocolate Brown,GL,GK-2604,6076,In Stock
AR-1303,Chocolate Brown,RB/TI,ETB0457,1290,In Stock
AR-1304,Pearl Brown,GL,LJ-5101,399,In Stock
AR-1304,Pearl Brown,GL,LJ-5103,2759,In Stock
AR-1304,Pearl Brown,GL,LJ-5104,4330,In Stock
AR-1304,Pearl Brown,RB/TI,ETB0160,960,In Stock
AR-1340,Golden Cedar,RB/TI,FTF-414,392,In Stock
AR-1341,Acacia Light,RB/TI,FT-133,3805,In Stock
AR-1341,Acacia Light,RB/TI,FT-181,1556,In Stock
AR-1341,Acacia Light,RB/TI,FT-192,3633,In Stock
AR-1351,American Walnut,RB/TI,BLL-1109A,859,In Stock
AR-1351,American Walnut,RB/TI,BLL-1147,4596,In Stock
AR-1359,Burn Walnut,BS,BLL-603,10146,In Stock
AR-1359,Burn Walnut,RB/TI,BLL-1140,1569,In Stock
AR-1362,Palisandro Brown,RB/TI,BLL-1139,467,In Stock
AR-1362,Palisandro Brown,RB/TI,ETB0433,3828,In Stock
AR-1362,Palisandro Brown,RB/TI,ETB0434,1810,In Stock
AR-1362,Palisandro Brown,RB/TI,ETB0761,5430,In Stock
AR-1372,Burma Teak,RB/TI,ETB0481,1512,In Stock
AR-1372,Burma Teak,RB/TI,ETB0740A,1285,In Stock
AR-1372,Burma Teak,RB/TI,ETB0740B,1876,In Stock
AR-1378,Timber Light,BS,BLL-676,550,In Stock
AR-1378,Timber Light,BS,BLL-676A,679,In Stock
AR-1379,Aeon Walnut,RB/TI,BLL-1067,2859,In Stock
AR-1379,Aeon Walnut,RB/TI,BLL-1126,3693,In Stock
AR-1381,Antique Wood,RB/TI,BLL-1149,4763,In Stock
AR-1381,Antique Wood,RB/TI,BLL-714A,800,In Stock
AR-1384,Golden Campino,RB/TI,FT-423,742,In Stock
AR-1387,Novoceno Pine,RB/TI,ETB0575A,651,In Stock
AR-1387,Novoceno Pine,RB/TI,ETB0575B,1228,In Stock
AR-1387,Novoceno Pine,RB/TI,ETB0762A,733,In Stock
AR-1387,Novoceno Pine,RB/TI,ETB0762B,3047,In Stock
AR-1388,Mocha Bark,RB/TI,BLL-1125,3304,In Stock
AR-1389,Ash Bark,RB/TI,BLL-1150,3597,In Stock
AR-1389,Ash Bark,RB/TI,BLL-1151,3542,In Stock
AR-1389,Ash Bark,RB/TI,BLL-998,1730,In Stock
AR-1390,MAHOGANY PREMIUM,RB/TI,ETB0425,497,In Stock
AR-1390,MAHOGANY PREMIUM,RB/TI,ETB0427,4057,In Stock
AR-1390,MAHOGANY PREMIUM,RB/TI,ETB0428,4747,In Stock
AR-1390,MAHOGANY PREMIUM,RB/TI,ETB0760,5292,In Stock
AR-1391,ROSE WOOD,RB/TI,FT-271,2795,In Stock
AR-1391,ROSE WOOD,RB/TI,FT-271A,268,In Stock
AR-1391,ROSE WOOD,RB/TI,FT-424,3663,In Stock
AR-1392,Rustic Wood,RB/TI,FT-281,2825,In Stock
AR-1392,Rustic Wood,RB/TI,FT-282,3737,In Stock
AR-1392,Rustic Wood,RB/TI,FT-425,3258,In Stock
AR-1392,Rustic Wood,RB/TI,FT-426,3058,In Stock
AR-1393,Royal Teak,GL,ETB0417A,1789,In Stock
AR-1501,Brush Silver,RB/TI,GK-2348,719,In Stock
AR-1501,Brush Silver,RB/TI,GK-2381,882,In Stock
AR-1501,Brush Silver,RB/TI,ZT-551,5649,In Stock
AR-1603,Mirror Gold,RB/TI,ZT-426,2016,In Stock
AR-1603 ,Mirror Gold,RB/TI,ZT-373,603,In Stock
AR-1604,Mirror Silver,RB/TI,ZT-273,1104,In Stock
AR-1604 ,Mirror Silver,RB/TI,ZT-548,3785,In Stock
AR-1854,JET BLACK,RB/TI,ETB0149,2025,In Stock
AR-1855,PEARL WHITE,RB/TI,ETB0152,2121,In Stock
AR-1876,NA,RB/TI,ETB0692,3984,In Stock
AR-1876,NA,RB/TI,ETB0693,3184,In Stock
AR-1877,NA,RB/TI,ETB0708,257,In Stock
AR-1878,HIGH GLOSS DOVE GREY,RB/TI,ETB0622,195,In Stock
AR-1878,HIGH GLOSS DOVE GREY,RB/TI,ETB0623,424,In Stock
AR-1879,NA,RB/TI,ETB0702,712,In Stock
AR-1879,NA,RB/TI,ETB0704,4761,In Stock
AR-1879,NA,RB/TI,ETB0705A,4758,In Stock
AR-1879,NA,RB/TI,ETB0705B,1617,In Stock
AR-1879,NA,RB/TI,ETB0706,2910,In Stock
AR-1881,HIGH GLOSS PEWTER METALLIC,RB/TI,ETB0625,591,In Stock
AR-1892,NA,RB/TI,ETB0765,962,In Stock
AR-1907,High Gloss Red,GL,LJ-5105,1251,In Stock
AR-1907,High Gloss Red,GL,LJ-5106,4182,In Stock
AR-1907,High Gloss Red,GL,LJ-5165,5485,In Stock
AR-1907,High Gloss Red,RB/TI,ETB0508,1452,In Stock
AR-1907,High Gloss Red,RB/TI,LJ-4192,163,In Stock
AR-1907,High Gloss Red,RB/TI,LJ-4537,3024,In Stock
AR-1907,High Gloss Red,RB/TI,LJ-4677,2339,In Stock
AR-1907,High Gloss Red,RB/TI,LJ-4757,3026,In Stock
AR-1907,High Gloss Red,RB/TI,LJ-4850,2932,In Stock
AR-1908,Milky White,BS,GK-1784A,527,In Stock
AR-1908,Milky White,RB/TI,ETB0016,252,In Stock
AR-1908,Milky White,RB/TI,ETB0505,1189,In Stock
AR-1908,Milky White,RB/TI,ETB0772,463,In Stock
AR-1908,Milky White,RB/TI,ETB0773,1950,In Stock
AR-1911,High Gloss White,GL,GK-2608,4897,In Stock
AR-1911,High Gloss White,GL,ZT-557,8955,In Stock
AR-1911,High Gloss White,GL,ZT-558,7299,In Stock
AR-1911,High Gloss White,MQ,GK-2586,488,In Stock
AR-1911,High Gloss White,RB/TI,ETB0332,172,In Stock
AR-1911,High Gloss White,RB/TI,ETB0520,1446,In Stock
AR-1911,High Gloss White,RB/TI,ETB0521B,1549,In Stock
AR-1911,High Gloss White,RB/TI,ETB0521C,3150,In Stock
AR-1911,High Gloss White,RB/TI,ETB0522,829,In Stock
AR-1914,High Gloss Black,GL,LJ-5090,3818,In Stock
AR-1914,High Gloss Black,GL,LJ-5091,5732,In Stock
AR-1914,High Gloss Black,RB/TI,ETB0506,1647,In Stock
AR-1914,High Gloss Black,RB/TI,LJ-4526,951,In Stock
AR-1914,High Gloss Black,RB/TI,LJ-4678,2621,In Stock
AR-1914,High Gloss Black,RB/TI,LJ-4758,2800,In Stock
ER-001,Back Coil,DM,LJ-3307,821,In Stock
ER-1001,Oasis Dark Grey,PL,FT-237,719,In Stock
ER-1001,Oasis Dark Grey,RB/TI,FT-362,2085,In Stock
ER-1002,Thar Grey,RB/TI,ETB0535A,1595,In Stock
ER-1002,Thar Grey,RB/TI,ETB0535C,735,In Stock
ER-1003,Emerald Black,RB/TI,FT-210,1288,In Stock
ER-1003,Emerald Black,RB/TI,FT-356,2589,In Stock
ER-1003,Emerald Black,RB/TI,FT-379,2590,In Stock
ER-1004,Carbon Black,PL,FT-238,588,In Stock
ER-1004,Carbon Black,PL,FT-238B,82,In Stock
ER-1004,Carbon Black,RB/TI,FT-357,972,In Stock
ER-1004,Carbon Black,RB/TI,FT-380,2568,In Stock
ER-1005,Ivy White,RB/TI,ETB0684,2598,In Stock
ER-1005,Ivy White,RB/TI,ETB0685,1851,In Stock
ER-1005,Ivy White,RB/TI,FT-373,908,In Stock
ER-1006,Monarch Orange,RB/TI,FT-211,1846,In Stock
ER-1006,Monarch Orange,RB/TI,FT-211A,520,In Stock
ER-1006,Monarch Orange,RB/TI,FT-374,2584,In Stock
ER-1007,Dune Beige,PL,FT-215,1185,In Stock
ER-1007,Dune Beige,RB/TI,ETB0629,2151,In Stock
ER-1007,Dune Beige,RB/TI,ETB0630,1299,In Stock
ER-1008,Dusky Bronze,PL,ETB0538,882,In Stock
ER-1008,Dusky Bronze,RB/TI,ETB0537,2670,In Stock
ER-101,Bright Silver,GL,LJ-5140,538,In Stock
ER-101,Bright Silver,GL,LJ-5141,882,In Stock
ER-101,Bright Silver,GL,LJ-5142,3853,In Stock
ER-101,Bright Silver,PL,ETA077,184,In Stock
ER-101,Bright Silver,PL,ETB0387,725,In Stock
ER-101,Bright Silver,PL,ETB0388,1254,In Stock
ER-101,Bright Silver,PL,ETB0554B,1818,In Stock
ER-101,Bright Silver,PL,ETB0555,881,In Stock
ER-101,Bright Silver,RB/TI,ETB0381A,314,In Stock
ER-101,Bright Silver,RB/TI,ETB0381B,2976,In Stock
ER-101,Bright Silver,RB/TI,ETB0697A,3033,In Stock
ER-101,Bright Silver,RB/TI,ETB0697B,2988,In Stock
ER-101,Bright Silver,RB/TI,ETB0698A,2710,In Stock
ER-101,Bright Silver,RB/TI,ETB0698B,2821,In Stock
ER-101,Bright Silver,RB/TI,ETB0699,979,In Stock
ER-101,Bright Silver,RB/TI,ETB0700,1084,In Stock
ER-102,Silver,GL,ETB0624A,1070,In Stock
ER-102,Silver,GL,ETB0624B,2078,In Stock
ER-102,Silver,GL,ETB0624C,1173,In Stock
ER-102,Silver,GL,ETB0626,543,In Stock
ER-102,Silver,PL,ETB0468,611,In Stock
ER-102,Silver,PL,ETB0548B,803,In Stock
ER-102,Silver,PL,ETB0549A,406,In Stock
ER-102,Silver,PL,ETB0550A,1329,In Stock
ER-102,Silver,PL,ETB0550B,1436,In Stock
ER-102,Silver,RB/TI,ETB0465B,1045,In Stock
ER-102,Silver,RB/TI,ETB0467,3902,In Stock
ER-102,Silver,RB/TI,ETB0469A,2507,In Stock
ER-102,Silver,RB/TI,ETB0469B,3567,In Stock
ER-1020,Porcelain White,RB/TI,FT-115,1034,In Stock
ER-1020,Porcelain White,RB/TI,FT-372,2086,In Stock
ER-1020,Porcelain White,RB/TI,FT-383,3551,In Stock
ER-1021,Fossil Grey,PL,ETB0085,1111,In Stock
ER-1021,Fossil Grey,PL,ETB0344A,1729,In Stock
ER-1021,Fossil Grey,PL,ETB0344B,1716,In Stock
ER-1021,Fossil Grey,PL,ETB0345,1078,In Stock
ER-1021,Fossil Grey,RB/TI,ETB0299,299,In Stock
ER-1021,Fossil Grey,RB/TI,ETB0673B,1991,In Stock
ER-1021,Fossil Grey,RB/TI,ETB0675A,2969,In Stock
ER-1021,Fossil Grey,RB/TI,ETB0675B,1491,In Stock
ER-1022,Modish Greige,RB/TI,ETB0635A,851,In Stock
ER-1022,Modish Greige,RB/TI,ETB0635B,2997,In Stock
ER-1022,Modish Greige,RB/TI,ETB0635C,1165,In Stock
ER-1022,Modish Greige,RB/TI,ETB0636,2026,In Stock
ER-1023,Cream Beige,RB/TI,ETB0436A,2265,In Stock
ER-1023,Cream Beige,RB/TI,ETB0436B,2026,In Stock
ER-1023,Cream Beige,RB/TI,ETB0437,2354,In Stock
ER-1024,Desert Tan,RB/TI,ETB0271,742,In Stock
ER-1024,Desert Tan,RB/TI,ETB0748,3507,In Stock
ER-1025,Satin Black,PL,ETB0667A,1172,In Stock
ER-1025,Satin Black,PL,ETB0667B,864,In Stock
ER-1025,Satin Black,RB/TI,FT-190,1136,In Stock
ER-1025,Satin Black,RB/TI,FT-191,3924,In Stock
ER-1026,Luminous White,DM,ETB0738,752,In Stock
ER-1026,Luminous White,RB/TI,ETB0352A,1911,In Stock
ER-1026,Luminous White,RB/TI,ETB0352B,2711,In Stock
ER-103,Champagne Silver,PL,ETB0679,1277,In Stock
ER-103,Champagne Silver,PL,ETB0777,473,In Stock
ER-103,Champagne Silver,RB/TI,ETB0183,945,In Stock
ER-103,Champagne Silver,RB/TI,ETB0185,447,In Stock
ER-103,Champagne Silver,RB/TI,ETB0205,2895,In Stock
ER-103,Champagne Silver,RB/TI,ETB0206A,2710,In Stock
ER-103,Champagne Silver,RB/TI,ETB0206B,2665,In Stock
ER-104,Champagne Gold,PL,ETB0189B,533,In Stock
ER-104,Champagne Gold,PL,ETB0189D,469,In Stock
ER-104,Champagne Gold,PL,ETB0190A,1391,In Stock
ER-104,Champagne Gold,PL,ETB0190B,1445,In Stock
ER-104,Champagne Gold,PL,LJ-934,39,In Stock
ER-104,Champagne Gold,RB/TI,ETA083A,1199,In Stock
ER-104,Champagne Gold,RB/TI,ETA083B,1557,In Stock
ER-104,Champagne Gold,RB/TI,ETA80A,754,In Stock
ER-104,Champagne Gold,RB/TI,ETB0744,3813,In Stock
ER-104,Champagne Gold,RB/TI,ETB0745,1299,In Stock
ER-105,Jade Green,PL,ETB0089,566,In Stock
ER-105,Jade Green,RB/TI,ETB0688B,3120,In Stock
ER-1050,Aurous Grey,DM,XW-40,1506,In Stock
ER-1050,Aurous Grey,DM,XW-40A,338,In Stock
ER-1051,Volcanic Grey,DM,XW-038,2236,In Stock
ER-1052,Dusk Forest,DM,XW-036,912,In Stock
ER-1052,Dusk Forest,DM,XW-037,3017,In Stock
ER-1052,Dusk Forest,DM,XW-41,3219,In Stock
ER-1053,Tender Bark,DM,XW-024,3070,In Stock
ER-1054A,Spotted Concrete,RB/TI,XW-031,4426,In Stock
ER-1055,Mystic Mica,RB/TI,FTF-415,3723,In Stock
ER-107,Red,DM,LJ-4211,89,In Stock
ER-107,Red,GL,ETA150B,305,In Stock
ER-107,Red,GL,ETB0532,3640,In Stock
ER-107,Red,RB/TI,ETB0471,536,In Stock
ER-107,Red,RB/TI,ETB0730,2088,In Stock
ER-107,Red,RB/TI,ETB0731,3192,In Stock
ER-1070,Copper Patina,RB/TI,FT-411,947,In Stock
ER-1071,Copper Rugged,RB/TI,FT-412,3289,In Stock
ER-1072,Turquoise Patina,RB/TI,FT-294,321,In Stock
ER-1072,Turquoise Patina,RB/TI,FT-342,3003,In Stock
ER-1072,Turquoise Patina,RB/TI,FTF-413,3747,In Stock
ER-1073,Grey Rust,RB/TI,FT-351,3675,In Stock
ER-108,Yellow,GL,ETA056,458,In Stock
ER-108,Yellow,GL,ETA058A,1750,In Stock
ER-108,Yellow,GL,ETA058B,2245,In Stock
ER-108,Yellow,GL,LJ-4997,60,In Stock
ER-108,Yellow,GL,LJ-4998,1562,In Stock
ER-108,Yellow,PL,VR-141,826,In Stock
ER-108,Yellow,PL,ZT-466,1371,In Stock
ER-108,Yellow,RB/TI,ETB0357,326,In Stock
ER-108,Yellow,RB/TI,ETB0358,2500,In Stock
ER-108,Yellow,RB/TI,ETB0732,1363,In Stock
ER-108,Yellow,RB/TI,ETB0733,3534,In Stock
ER-109,Rich Gold,GL,GK-2543,2447,In Stock
ER-109,Rich Gold,PL,ETA201,682,In Stock
ER-109,Rich Gold,PL,ETA202,747,In Stock
ER-109,Rich Gold,PL,GK-2146,230,In Stock
ER-109,Rich Gold,PL,VR-511,281,In Stock
ER-109,Rich Gold,PL,VR-527,1678,In Stock
ER-109,Rich Gold,RB/TI,ETB0588,2026,In Stock
ER-109,Rich Gold,RB/TI,ETB0589,2491,In Stock
ER-110,Tomato Red,GL,ETB0049,1819,In Stock
ER-110,Tomato Red,GL,ETB0050,1498,In Stock
ER-110,Tomato Red,GL,ETB0504A,2889,In Stock
ER-110,Tomato Red,GL,ETB0504B,3029,In Stock
ER-110,Tomato Red,RB/TI,ETB0291,591,In Stock
ER-110,Tomato Red,RB/TI,ETB0739A,1813,In Stock
ER-110,Tomato Red,RB/TI,ETB0739B,2893,In Stock
ER-111,Pure White,GL,ETB0215,806,In Stock
ER-111,Pure White,GL,ETB0217A,479,In Stock
ER-111,Pure White,GL,ETB0217B,832,In Stock
ER-111,Pure White,GL,ETB0370,1613,In Stock
ER-111,Pure White,GL,ETB0371A,1200,In Stock
ER-111,Pure White,GL,ETB0372,2023,In Stock
ER-111,Pure White,GL,ETB0373,4195,In Stock
ER-111,Pure White,GL,ETB0653A,1680,In Stock
ER-111,Pure White,GL,ETB0653B,361,In Stock
ER-111,Pure White,GL,ETB0653C,1306,In Stock
ER-111,Pure White,GL,ZT-535,1242,In Stock
ER-111,Pure White,GL,ZT-555,5100,In Stock
ER-111,Pure White,PL,GK-2043,280,In Stock
ER-111,Pure White,PL,ZT-448,1488,In Stock
ER-111,Pure White,PL,ZT-449,1815,In Stock
ER-111,Pure White,PL,ZT-450,777,In Stock
ER-111,Pure White,PL,ZT-450A,759,In Stock
ER-111,Pure White,PL,ZT-506,2202,In Stock
ER-111,Pure White,PL,ZT-507,2077,In Stock
ER-111,Pure White,PL,ZT-508,2140,In Stock
ER-111,Pure White,PL,ZT-534,2312,In Stock
ER-111,Pure White,RB/TI,ETA075,543,In Stock
ER-111,Pure White,RB/TI,ETB0109,2258,In Stock
ER-111,Pure White,RB/TI,ETB0389,3780,In Stock
ER-111,Pure White,RB/TI,ETB0711A,1380,In Stock
ER-111,Pure White,RB/TI,ETB0711B,3180,In Stock
ER-111,Pure White,RB/TI,ETB0712A,258,In Stock
ER-111,Pure White,RB/TI,ETB0712B,2610,In Stock
ER-111,Pure White,RB/TI,ETB0714,3991,In Stock
ER-111,Pure White,SL,ETA204,1089,In Stock
ER-112,Off White,GL,ETA138A,314,In Stock
ER-112,Off White,GL,ZT-554,6170,In Stock
ER-112,Off White,PL,ETB0329,903,In Stock
ER-112,Off White,PL,ETB0474,307,In Stock
ER-112,Off White,PL,ETB0710,219,In Stock
ER-112,Off White,PL,ETB0766,586,In Stock
ER-112,Off White,PL,ETB0767A,1133,In Stock
ER-112,Off White,PL,ETB0767B,1091,In Stock
ER-112,Off White,PL,ZT-331,698,In Stock
ER-112,Off White,PL,ZT-352,367,In Stock
ER-112,Off White,PL,ZT-536A,649,In Stock
ER-112,Off White,PL,ZT-536B,80,In Stock
ER-112,Off White,PL,ZT-537,2145,In Stock
ER-112,Off White,RB/TI,ETB0324A,1155,In Stock
ER-112,Off White,RB/TI,ETB0327B,2088,In Stock
ER-112,Off White,RB/TI,ETB0328,3888,In Stock
ER-112,Off White,RB/TI,ETB0715,2629,In Stock
ER-112,Off White,RB/TI,ETB0716A,1251,In Stock
ER-112,Off White,RB/TI,ETB0716B,2899,In Stock
ER-113,Copper,GL,LJ-4887,410,In Stock
ER-113,Copper,GL,LJ-5003,424,In Stock
ER-113,Copper,GL,LJ-5153,3427,In Stock
ER-113,Copper,RB/TI,ETB0335,3180,In Stock
ER-113,Copper,RB/TI,ETB0337A,1070,In Stock
ER-113,Copper,RB/TI,ETB0337B,2428,In Stock
ER-114,Black,GL,ETA131B,126,In Stock
ER-114,Black,GL,ETB0627A,3679,In Stock
ER-114,Black,GL,ETB0627B,1356,In Stock
ER-114,Black,GL,LJ-5143,2797,In Stock
ER-114,Black,GL,LJ-5144,2985,In Stock
ER-114,Black,PL,LJ-5041,391,In Stock
ER-114,Black,PL,VR-530,531,In Stock
ER-114,Black,RB/TI,ETB0500B,2672,In Stock
ER-114,Black,RB/TI,ETB0501,2735,In Stock
ER-114,Black,RB/TI,ETB0502,1812,In Stock
ER-114,Black,RB/TI,GK-2051,1289,In Stock
ER-115,Dark Green,GL,ETA116A,321,In Stock
ER-115,Dark Green,GL,ETA116B,2893,In Stock
ER-115,Dark Green,GL,ETB0503,4351,In Stock
ER-115,Dark Green,RB/TI,ETB0659,1656,In Stock
ER-115,Dark Green,RB/TI,ETB0721,2280,In Stock
ER-116,HP Blue,GL,LJ-5145,1782,In Stock
ER-116,HP Blue,GL,LJ-5146,2926,In Stock
ER-116,HP Blue,RB/TI,ETB0648,2174,In Stock
ER-116,HP Blue,RB/TI,ETB0649,1565,In Stock
ER-117,Navy Blue,GL,ETA141A,1556,In Stock
ER-117,Navy Blue,RB/TI,ETB0650,818,In Stock
ER-117,Navy Blue,RB/TI,ETB0651,1942,In Stock
ER-119,Grass Green,RB/TI,ETB0633,2842,In Stock
ER-119,Grass Green,RB/TI,SB-321,1583,In Stock
ER-120,Metallic Bronze,GL,ETA178,1187,In Stock
ER-120,Metallic Bronze,PL,ETB0639,567,In Stock
ER-120,Metallic Bronze,PL,ETB0640,645,In Stock
ER-120,Metallic Bronze,RB/TI,ETB0584B,1957,In Stock
ER-122,Metallic Blue,PL,ETB0563,632,In Stock
ER-122,Metallic Blue,PL,SB-288,131,In Stock
ER-122,Metallic Blue,PL,ZTF-280,2204,In Stock
ER-122,Metallic Blue,RB/TI,ETB0596,1462,In Stock
ER-122,Metallic Blue,RB/TI,ETB0597,1179,In Stock
ER-123,Copper Bronze,GL,ETB0488,1420,In Stock
ER-123,Copper Bronze,GL,ETB0489,2318,In Stock
ER-123,Copper Bronze,GL,LJ-5154,3448,In Stock
ER-123,Copper Bronze,PL,ETB0695,1599,In Stock
ER-123,Copper Bronze,PL,ETB0696,716,In Stock
ER-123,Copper Bronze,PL,VR-529,541,In Stock
ER-123,Copper Bronze,RB/TI,ETB0463A,509,In Stock
ER-123,Copper Bronze,RB/TI,ETB0464,376,In Stock
ER-123,Copper Bronze,RB/TI,ETB0593A,1101,In Stock
ER-123,Copper Bronze,RB/TI,ETB0593B,2098,In Stock
ER-123,Copper Bronze,RB/TI,ETB0595A,2725,In Stock
ER-123,Copper Bronze,RB/TI,ETB0595B,2574,In Stock
ER-123,Copper Bronze,RB/TI,ETB0598A,1935,In Stock
ER-123,Copper Bronze,RB/TI,ETB0598B,2077,In Stock
ER-124,Warm Grey,RB/TI,ETB0527,1796,In Stock
ER-126,Dark Grey Silver,GL,ETB0224C,376,In Stock
ER-126,Dark Grey Silver,GL,ETB0225,3223,In Stock
ER-126,Dark Grey Silver,GL,LJ-5133,3601,In Stock
ER-126,Dark Grey Silver,GL,LJ-5134,3656,In Stock
ER-126,Dark Grey Silver,GL,LJ-5135,3895,In Stock
ER-126,Dark Grey Silver,PL,ETB0515,509,In Stock
ER-126,Dark Grey Silver,PL,ETB0577A,815,In Stock
ER-126,Dark Grey Silver,PL,ETB0577B,1684,In Stock
ER-126,Dark Grey Silver,PL,ETB0578A,1760,In Stock
ER-126,Dark Grey Silver,PL,ETB0578B,1555,In Stock
ER-126,Dark Grey Silver,PL,ETB0665A,1410,In Stock
ER-126,Dark Grey Silver,PL,ETB0665B,1812,In Stock
ER-126,Dark Grey Silver,PL,ETB0666,170,In Stock
ER-126,Dark Grey Silver,PL,ETB0722A,1193,In Stock
ER-126,Dark Grey Silver,PL,ETB0722B,1152,In Stock
ER-126,Dark Grey Silver,PL,LJ-4742,546,In Stock
ER-126,Dark Grey Silver,RB/TI,ETB0513,787,In Stock
ER-126,Dark Grey Silver,RB/TI,ETB0717,3780,In Stock
ER-126,Dark Grey Silver,RB/TI,ETB0719,4127,In Stock
ER-126,Dark Grey Silver,RB/TI,ETB0720B,1211,In Stock
ER-127,Wine Red,GL,ETB0491A,614,In Stock
ER-127,Wine Red,GL,ETB0491B,2451,In Stock
ER-127,Wine Red,PL,GKF-2497,2212,In Stock
ER-127,Wine Red,PL,VR-111,694,In Stock
ER-127,Wine Red,RB/TI,ETB0510,2349,In Stock
ER-128,Signal Orange,GL,ETB0492,816,In Stock
ER-128,Signal Orange,GL,ETB0493,2190,In Stock
ER-128,Signal Orange,GL,LJ-5151,2958,In Stock
ER-128,Signal Orange,GL,LJ-5152,3003,In Stock
ER-128,Signal Orange,RB/TI,ETB0356,409,In Stock
ER-129,Smoke,PL,BLL-399,295,In Stock
ER-130,Solid Grey,GL,ETB0376,2289,In Stock
ER-130,Solid Grey,GL,ETB0377A,1306,In Stock
ER-130,Solid Grey,GL,ETB0378,1452,In Stock
ER-130,Solid Grey,GL,GK-2617,5608,In Stock
ER-130,Solid Grey,GL,GK-2618,5798,In Stock
ER-130,Solid Grey,PL,ETB0100,257,In Stock
ER-130,Solid Grey,PL,ETB0558,438,In Stock
ER-130,Solid Grey,PL,ETB0560A,855,In Stock
ER-130,Solid Grey,PL,ETB0561,1457,In Stock
ER-130,Solid Grey,PL,ETB0562A,1199,In Stock
ER-130,Solid Grey,RB/TI,ETB0724A,3471,In Stock
ER-130,Solid Grey,RB/TI,ETB0724B,2473,In Stock
ER-130,Solid Grey,RB/TI,ETB0725A,1572,In Stock
ER-130,Solid Grey,RB/TI,ETB0725B,1486,In Stock
ER-133,Beige,GL,ETA129,1741,In Stock
ER-133,Beige,GL,ETB0586B,3271,In Stock
ER-133,Beige,GL,ETB0586C,2316,In Stock
ER-133,Beige,GL,LJ-5147,3056,In Stock
ER-133,Beige,GL,LJ-5148,3056,In Stock
ER-133,Beige,PL,ETA059A,143,In Stock
ER-133,Beige,PL,ETA059B,342,In Stock
ER-133,Beige,RB/TI,ETA068B,856,In Stock
ER-133,Beige,RB/TI,ETB0582,148,In Stock
ER-133,Beige,RB/TI,ETB0583A,2708,In Stock
ER-133,Beige,RB/TI,ETB0583B,2818,In Stock
ER-133,Beige,RB/TI,ETB0585,909,In Stock
ER-133,Beige,RB/TI,ETB0587,2744,In Stock
ER-133,Beige,SL,LJ-782,245,In Stock
ER-134,Rose Gold,GL,ETB0490,2976,In Stock
ER-134,Rose Gold,GL,LJ-5155,3216,In Stock
ER-134,Rose Gold,PL,ETA185,174,In Stock
ER-134,Rose Gold,PL,ETB0282,506,In Stock
ER-134,Rose Gold,PL,ETB0775A,1251,In Stock
ER-134,Rose Gold,PL,ETB0775B,1176,In Stock
ER-134,Rose Gold,RB/TI,ETB0591A,607,In Stock
ER-134,Rose Gold,RB/TI,ETB0592,268,In Stock
ER-134,Rose Gold,RB/TI,ETB0658A,1938,In Stock
ER-134,Rose Gold,RB/TI,ETB0658B,1668,In Stock
ER-137,Blue,GL,ETB0486,3963,In Stock
ER-137,Blue,GL,ETB0487,1517,In Stock
ER-137,Blue,GL,LJ-5149,2914,In Stock
ER-137,Blue,GL,LJ-5150,2997,In Stock
ER-137,Blue,PL,ETB0564,640,In Stock
ER-137,Blue,PL,LJ-5042,1801,In Stock
ER-137,Blue,RB/TI,ETB0303,241,In Stock
ER-137,Blue,RB/TI,ETB0581A,2467,In Stock
ER-137,Blue,RB/TI,ETB0581B,2601,In Stock
ER-138,Warm White,GL,LJ-5136,1592,In Stock
ER-138,Warm White,GL,LJ-5137,3102,In Stock
ER-138,Warm White,PL,ETB0393,1018,In Stock
ER-138,Warm White,RB/TI,ETB0392,1206,In Stock
ER-138,Warm White,RODIUM,VR-377,433,In Stock
ER-138,Warm White,RODIUM,VR-378,502,In Stock
ER-138,Warm White,RODIUM,VR-379,834,In Stock
ER-139,Purple,RB/TI,ETB0600,1930,In Stock
ER-140,Cement Grey,PL,ETB0026A,435,In Stock
ER-140,Cement Grey,PL,ETB0026B,1163,In Stock
ER-140,Cement Grey,PL,GKF-1611,482,In Stock
ER-140,Cement Grey,RB/TI,ETB0362B,1125,In Stock
ER-140,Cement Grey,RB/TI,ETB0363,1296,In Stock
ER-141,Bone White,PL,ETB0023,1101,In Stock
ER-141,Bone White,PL,LJ-4304,74,In Stock
ER-142,Slate Grey,PL,ETB0025B,194,In Stock
ER-142,Slate Grey,PL,ETB0042,1702,In Stock
ER-142,Slate Grey,PL,ETB0043,479,In Stock
ER-142,Slate Grey,RB/TI,ETB0453,553,In Stock
ER-142,Slate Grey,RB/TI,ETB0669,979,In Stock
ER-142,Slate Grey,RB/TI,ETB0670A,1675,In Stock
ER-142,Slate Grey,RB/TI,ETB0670B,2021,In Stock
ER-145,Pearl Copper,RB/TI,ETB0512,613,In Stock
ER-146,Aqua Blue,RB/TI,ETB0057,1201,In Stock
ER-147,Anthracite Grey,PL,SB-267,1282,In Stock
ER-147,Anthracite Grey,RB/TI,ETB0439B,1670,In Stock
ER-148,Gun Metallic,PL,ETB0308,655,In Stock
ER-148,Gun Metallic,PL,ETB0310B,1211,In Stock
ER-148,Gun Metallic,PL,ETB0312A,531,In Stock
ER-148,Gun Metallic,PL,ETB0312B,1912,In Stock
ER-148,Gun Metallic,RB/TI,ETB0444B,1675,In Stock
ER-148,Gun Metallic,RB/TI,ETB0446A,1459,In Stock
ER-148,Gun Metallic,RB/TI,ETB0446B,1863,In Stock
ER-148,Gun Metallic,RB/TI,ETB0447,3605,In Stock
ER-152,Metallic Grey,GL,GK-2619,4314,In Stock
ER-152,Metallic Grey,PL,ETB0610A,1180,In Stock
ER-152,Metallic Grey,PL,ETB0610B,1140,In Stock
ER-152,Metallic Grey,PL,ETB0611,805,In Stock
ER-152,Metallic Grey,PL,GKF-2061,187,In Stock
ER-152,Metallic Grey,PL,GKF-2062,1658,In Stock
ER-152,Metallic Grey,RB/TI,ETB0785,2220,In Stock
ER-152,Metallic Grey,RB/TI,ETB0787A,2668,In Stock
ER-152,Metallic Grey,RB/TI,ETB0788A,2411,In Stock
ER-154,Bright Beige,PL,ETA-115A,1296,In Stock
ER-154,Bright Beige,PL,ETA-115B,820,In Stock
ER-154,Bright Beige,PL,ZTF-281,1515,In Stock
ER-154,Bright Beige,RB/TI,ETB0618A,698,In Stock
ER-154,Bright Beige,RB/TI,ETB0618B,1966,In Stock
ER-155,Marine Blue,RB/TI,ETB0384,2409,In Stock
ER-155A,Marine Blue,RB/TI,GKF-2496,617,In Stock
ER-156,Amazon Blue,PL,LJ-2149,806,In Stock
ER-157,Champagne Bronze,PL,GK-1284,411,In Stock
ER-158,Red Pink,RB/TI,ETA011,1663,In Stock
ER-159,Deep Blue,DM,EPF-048,1026,In Stock
ER-159,Deep Blue,DM,ETB0736,947,In Stock
ER-159,Deep Blue,DM,ETB0737A,1148,In Stock
ER-159,Deep Blue,DM,ETB0737B,1221,In Stock
ER-159,Deep Blue,NAYARA DUBAI,EPF-040,282,In Stock
ER-160,Light Blue,DM,ETB0497A,1116,In Stock
ER-160,Light Blue,DM,ETB0497B,1186,In Stock
ER-160,Light Blue,NAYARA DUBAI,EPF-042,2326,In Stock
ER-161,Cool Grey,NAYARA DUBAI,EPF-007,1533,In Stock
ER-161,Cool Grey,NAYARA DUBAI,EPF-008,2534,In Stock
ER-2002,Corten Steel II,DM,XW-032,1002,In Stock
ER-2002,Corten Steel II,DM,XW-039,2987,In Stock
ER-2027,Matte White,RB/TI,ETB0686A,2541,In Stock
ER-2027,Matte White,RB/TI,ETB0686B,1826,In Stock
ER-2027,Matte White,RB/TI,FT-199,898,In Stock
ER-203,BROWNY MARBLE,RB/TI,BLL-1152,2788,In Stock
ER-203,BROWNY MARBLE,RB/TI,BLL-1153,2263,In Stock
ER-2030,Slate Stone Black,PL,XW-033,1899,In Stock
ER-2035,Terracotta Orange Brown,RB/TI,FT-314,1937,In Stock
ER-2037,Beige Grey,RB/TI,FT-200,1627,In Stock
ER-2037,Beige Grey,RB/TI,FT-377,3139,In Stock
ER-2039,Concrete Light Grey,RB/TI,ETB0129B,344,In Stock
ER-2039,Concrete Light Grey,RB/TI,ETB0644A,2325,In Stock
ER-2039,Concrete Light Grey,RB/TI,ETB0644B,2000,In Stock
ER-2039,Concrete Light Grey,RB/TI,ETB0644C,2082,In Stock
ER-2039,Concrete Light Grey,RB/TI,ETB0645,2074,In Stock
ER-2040,Signal Grey,RB/TI,ETB0258,1122,In Stock
ER-2040,Signal Grey,RB/TI,ETB0676,1534,In Stock
ER-2040,Signal Grey,RB/TI,ETB0677,2694,In Stock
ER-2041,Illumini White,DM,ETB0689B,1712,In Stock
ER-2041,Illumini White,DM,ETB0689C,1287,In Stock
ER-2041,Illumini White,RB/TI,FT-104,2257,In Stock
ER-2041,Illumini White,RB/TI,FT-213,3374,In Stock
ER-2047,Sterling Silver Polished,RB/TI,GKF-2574,3101,In Stock
ER-2047,Sterling Silver Polished,RB/TI,GKF-2582,4163,In Stock
ER-2048,Brass Gold Polished,RB/TI,GKF-2573,4235,In Stock
ER-2049,Aerospace Titanium Polished,RB/TI,GKF-2584,3540,In Stock
ER-2049,Aerospace Titanium Polished,RB/TI,GKF-2585,4078,In Stock
ER-209,Dark Emperador,RB/TI,BLL-1154,1612,In Stock
ER-210,Travertino,PL,ETB0726,424,In Stock
ER-210,Travertino,PL,ETB0727A,1603,In Stock
ER-210,Travertino,PL,ETB0727B,1774,In Stock
ER-210,Travertino,RB/TI,FTF-417,1962,In Stock
ER-252,Raw Graphite,RB/TI,BLL-1059,983,In Stock
ER-252,Raw Graphite,RB/TI,BLL-1129,2173,In Stock
ER-252,Raw Graphite,RB/TI,BLL-1137,2168,In Stock
ER-253,Bare Cuprite,RB/TI,BLL-1145,439,In Stock
ER-254,Storm Grey,RB/TI,FTF-410,2276,In Stock
ER-254,Storm Grey,RB/TI,FTF-420,2710,In Stock
ER-255,Marvel Grey,RB/TI,FTF-421,2358,In Stock
ER-256,Storm Rock,RB/TI,FTF-405,2394,In Stock
ER-257,Canyone Slate,RB/TI,FTF-394,916,In Stock
ER-257,Canyone Slate,RB/TI,FTF-406,2622,In Stock
ER-258,Mocha Crema,RB/TI,FTF-395,2198,In Stock
ER-259,Concrete Haze,RB/TI,FTF-396,2417,In Stock
ER-259,Concrete Haze,RB/TI,FTF-418,3430,In Stock
ER-259 ,Concrete Haze,RB/TI,FTF-325,1789,In Stock
ER-302,Burgandy (Metallic),RB/TI,ETB0353,1687,In Stock
ER-302,Burgandy (Metallic),RB/TI,ETB0354,1718,In Stock
ER-303,Chocolate Brown,GL,ETB0286,921,In Stock
ER-303,Chocolate Brown,GL,GK-2616,5622,In Stock
ER-303,Chocolate Brown,PL,GKF-2571,318,In Stock
ER-303,Chocolate Brown,RB/TI,ETB0654,651,In Stock
ER-303,Chocolate Brown,RB/TI,ETB0655,3610,In Stock
ER-304,Pearl Brown,PL,GKF-2561,194,In Stock
ER-304,Pearl Brown,RB/TI,ETB0385B,1076,In Stock
ER-304,Pearl Brown,RB/TI,ETB0601,3043,In Stock
ER-304,Pearl Brown,RB/TI,ETB0602,1622,In Stock
ER-341,Acacia Light,RB/TI,FTF-407,1571,In Stock
ER-351,American Walnut,RB/TI,BLL-1115,956,In Stock
ER-351,American Walnut,RB/TI,BLL-1155,2563,In Stock
ER-359,Burn Walnut,RB/TI,BLL-1095,1093,In Stock
ER-359,Burn Walnut,RB/TI,BLL-1108,2440,In Stock
ER-362,Palisandro Brown,PL,ETB0435B,1363,In Stock
ER-362,Palisandro Brown,RB/TI,ETB0754,2421,In Stock
ER-362,Palisandro Brown,RB/TI,ETB0755,1338,In Stock
ER-362,Palisandro Brown,RB/TI,ETB0756A,2601,In Stock
ER-362,Palisandro Brown,RB/TI,ETB0756B,1680,In Stock
ER-372,Burma Teak,PL,FTF-246,1058,In Stock
ER-372,Burma Teak,PL,FTF-250,1548,In Stock
ER-372,Burma Teak,PL,FTF-251,1454,In Stock
ER-372,Burma Teak,PL,FTF-252,1784,In Stock
ER-372,Burma Teak,PL,FTF-253,1763,In Stock
ER-372,Burma Teak,PL,FTF-295,1558,In Stock
ER-372,Burma Teak,PL,FTF-296,1895,In Stock
ER-372,Burma Teak,PL,FTF-297,1899,In Stock
ER-372,Burma Teak,PL,FTF-298,1432,In Stock
ER-372,Burma Teak,RB/TI,ETB0741A,510,In Stock
ER-372,Burma Teak,RB/TI,ETB0742A,1741,In Stock
ER-372,Burma Teak,RB/TI,ETB0742B,2799,In Stock
ER-378,Timber Light,PL,BLL-385,1029,In Stock
ER-378,Timber Light,RB/TI,BLLF-805,1895,In Stock
ER-378,Timber Light,RB/TI,BLLF-805A,321,In Stock
ER-378,Timber Light,RB/TI,BLLF-806,396,In Stock
ER-378,Timber Light,RB/TI,BLLF-806A,262,In Stock
ER-379,Aeon Walnut,PL,BLL-174,1918,In Stock
ER-379,Aeon Walnut,RB/TI,BLL-1091,234,In Stock
ER-379,Aeon Walnut,RB/TI,BLL-1100,2710,In Stock
ER-381,Antique Wood,PL,BLL-146,565,In Stock
ER-381,Antique Wood,PL,BLL-197,1061,In Stock
ER-382,Deltan Oak,PL,BLLF-843,1206,In Stock
ER-382,Deltan Oak,PL,BLLF-844,1562,In Stock
ER-384,Golden Campino,RB/TI,ETB0757,2076,In Stock
ER-384,Golden Campino,RB/TI,FTF-390,504,In Stock
ER-384,Golden Campino,RB/TI,FTF-408,2643,In Stock
ER-385,Colonial Maple,RB/TI,BLL-1130,1613,In Stock
ER-385,Colonial Maple,RB/TI,BLL-1131,2566,In Stock
ER-385,Colonial Maple,RB/TI,BLL-1156,2726,In Stock
ER-387,Novaceno Pine,PL,ETB0758,1174,In Stock
ER-387,Novaceno Pine,PL,ETB0759,665,In Stock
ER-387,Novaceno Pine,PL,FTF-204,558,In Stock
ER-387,Novaceno Pine,RB/TI,ETB0398,155,In Stock
ER-387,Novaceno Pine,RB/TI,ETB0569,1460,In Stock
ER-387,Novaceno Pine,RB/TI,ETB0570A,923,In Stock
ER-387,Novaceno Pine,RB/TI,ETB0574,2323,In Stock
ER-390,MAHOGANY PREMIUM,RB/TI,ETB0751,1847,In Stock
ER-390,MAHOGANY PREMIUM,RB/TI,ETB0752,1175,In Stock
ER-390,MAHOGANY PREMIUM,RB/TI,ETB0753A,2622,In Stock
ER-390,MAHOGANY PREMIUM,RB/TI,ETB0753B,1588,In Stock
ER-391,ROSE WOOD,RB/TI,FTF-289,491,In Stock
ER-391,ROSE WOOD,RB/TI,FTF-290,2095,In Stock
ER-391,ROSE WOOD,RB/TI,FTF-306,2571,In Stock
ER-391,ROSE WOOD,RB/TI,FTF-319,2685,In Stock
ER-392,Rustic Wood,RB/TI,BLL-1144A,252,In Stock
ER-392,Rustic Wood,RB/TI,FTF-419,3081,In Stock
ER-393,Royal Teak,RB/TI,ETB0412,2485,In Stock
ER-393,Royal Teak,RB/TI,ETB0413,2595,In Stock
ER-393,Royal Teak,RB/TI,ETB0414,1306,In Stock
ER-393,Royal Teak,RB/TI,ETB0418A,1837,In Stock
ER-393,Royal Teak,RB/TI,ETB0418B,646,In Stock
ER-393,Royal Teak,RB/TI,ETB0419,1718,In Stock
ER-501,Brushed Silver,RB/TI,GK-2595,481,In Stock
ER-501,Brushed Silver,RB/TI,ZT-552,4048,In Stock
ER-603,Mirror Gold,RB/TI,ZT-550,1588,In Stock
ER-604 ,Mirror Silver,RB/TI,ZT-549,3727,In Stock
ER-800,HPCL Grey,HPCL,ETB0155,2752,In Stock
ER-800,HPCL Grey,HPCL,ETB0157,660,In Stock
ER-800,HPCL Grey,HPCL,LJ-4519,2025,In Stock
ER-800,HPCL Grey,HPCL,LJ-4949,519,In Stock
ER-801,HPCL Blue,HPCL,ETA147B,453,In Stock
ER-801,HPCL Blue,HPCL,ETA190,901,In Stock
ER-801,HPCL Blue,HPCL,ETA191,358,In Stock
ER-801,HPCL Blue,HPCL,ETB0062,619,In Stock
ER-801,HPCL Blue,HPCL,ETB0153,1249,In Stock
ER-801,HPCL Blue,HPCL,ETB0154,2112,In Stock
ER-801,HPCL Blue,HPCL,ETB0158C,798,In Stock
ER-801,HPCL Blue,HPCL,ETB0701,947,In Stock
ER-801,HPCL Blue,HPCL,LJ-4946,102,In Stock
ER-802,HPCL White,HPCL,ETB0044,147,In Stock
ER-802,HPCL White,HPCL,ETB0496,1993,In Stock
ER-802,HPCL White,HPCL,ETB0774A,1885,In Stock
ER-802,HPCL White,HPCL,ETB0774B,1279,In Stock
ER-803,HPCL Red,HPCL,ETA197,2787,In Stock
ER-803,HPCL Red,HPCL,LJ-2893,1386,In Stock
ER-803,HPCL Red,HPCL,LJ-3929,1100,In Stock
ER-803,HPCL Red,HPCL,LJ-4300,3037,In Stock
ER-804,HPCL Silver,HPCL,ETA193,2361,In Stock
ER-804,HPCL Silver,HPCL,ETA194,2140,In Stock
ER-804,HPCL Silver,HPCL,ETB0643A,1572,In Stock
ER-804,HPCL Silver,HPCL,ETB0643B,1811,In Stock
ER-804A,HPCL Silver,DM,LJ-1624,156,In Stock
ER-804A,HPCL Silver,DM,LJ-3737,2966,In Stock
ER-805,BPCL YELLOW,BPCL,EPF-047,850,In Stock
ER-805,BPCL YELLOW,BPCL,ETB0642A,557,In Stock
ER-805,BPCL YELLOW,BPCL,ETB0642B,1815,In Stock
ER-805,BPCL YELLOW,BPCL,ETB0642C,1334,In Stock
ER-805,BPCL YELLOW,BPCL,LJ-3018,243,In Stock
ER-806,BPCL BLUE,BPCL,EPF-043,1575,In Stock
ER-806,BPCL BLUE,BPCL,EPF-044,2214,In Stock
ER-806,BPCL BLUE,BPCL,LJ-4237,1837,In Stock
ER-806,BPCL BLUE,BPCL,LJ-4827,3073,In Stock
ER-806,BPCL BLUE,BPCL,LJ-4828,3090,In Stock
ER-808,Royal Oak,RB/TI,ETA034B,905,In Stock
ER-808,Royal Oak,RB/TI,ETB0526,4313,In Stock
ER-809,BPCL white,BPCL,EPF-045,803,In Stock
ER-809,BPCL white,BPCL,EPF-046,1400,In Stock
ER-809,BPCL white,BPCL,EPF-046A,1317,In Stock
ER-809,BPCL white,BPCL,LJ-4238,1515,In Stock
ER-809,BPCL white,BPCL,LJ-4238A,535,In Stock
ER-809,BPCL white,BPCL,LJ-4239,2305,In Stock
ER-809,BPCL white,BPCL,LJ-4829,344,In Stock
ER-809,BPCL white,BPCL,LJ-4830,2828,In Stock
ER-810,Cool Grey 1C,IOCL,ALX-002,1100,In Stock
ER-810,Cool Grey 1C,IOCL,EPF-026,2010,In Stock
ER-810,Cool Grey 1C,IOCL,LJ-3678,1544,In Stock
ER-810,Cool Grey 1C,IOCL,LJ-3939,2029,In Stock
ER-811,Cool Grey 7C,IOCL,LJ-3187,2607,In Stock
ER-812,IOCL Signal Orange,IOCL,EPF-029,1060,In Stock
ER-812,IOCL Signal Orange,IOCL,EPF-032,101,In Stock
ER-812,IOCL Signal Orange,IOCL,LJF-2999,3545,In Stock
ER-813,IOCL Ultra Marine Blue,IOCL,EPF-033,2814,In Stock
ER-813,IOCL Ultra Marine Blue,IOCL,EPF-034,263,In Stock
ER-813,IOCL Ultra Marine Blue,IOCL,LJ-2981,900,In Stock
ER-813,IOCL Ultra Marine Blue,IOCL,LJ-2997,3204,In Stock
ER-813,IOCL Ultra Marine Blue,IOCL,LJF-3177,170,In Stock
ER-814,Bronze,PL,ETB0073,528,In Stock
ER-819,Sapphire Blue,RB/TI,ETB0746,1569,In Stock
ER-819,Sapphire Blue,RB/TI,ETB0747,2876,In Stock
ER-824,Silk Grey,GL,LJ-4171,1116,In Stock
ER-824,Silk Grey,GL,LJ-4172,3714,In Stock
ER-824,Silk Grey,GL,LJ-4556,4318,In Stock
ER-824,Silk Grey,GL,LJ-4557,4591,In Stock
ER-824,Silk Grey,PL,ETB0646A,1404,In Stock
ER-824,Silk Grey,PL,ETB0646B,1845,In Stock
ER-824,Silk Grey,PL,ETB0647,2001,In Stock
ER-825,Signal White,AHP,ETB0559,155,In Stock
ER-825,Signal White,PL,ETA152A,482,In Stock
ER-825,Signal White,PL,ETA152B,705,In Stock
ER-825,Signal White,PL,ETA152C,941,In Stock
ER-825,Signal White,RB/TI,GKF-2318,2327,In Stock
ER-826,Basalt Grey,RB/TI,LJ-4459,1875,In Stock
ER-828,Maroon,PL,ETB0359A,781,In Stock
ER-828,Maroon,PL,ETB0360,515,In Stock
ER-828,Maroon,PL,ETB0729,2499,In Stock
ER-828,Maroon,PL,VR-262,281,In Stock
ER-829,Copper Metallic,PL,VR-140,350,In Stock
ER-831,Bright Yellow,GL,ETB0637B,408,In Stock
ER-832,Traffic Yellow,PL,ETB0059,251,In Stock
ER-836,dark Pink,RB/TI,VR-518,2868,In Stock
ER-838,Bright Red,RB/TI,LJ-4930,771,In Stock
ER-839,Blonde yellow,RB/TI,ETA183,610,In Stock
ER-845,Desert Rose,RB/TI,ETA188,1258,In Stock
ER-848,Forest Green,RB/TI,ETB0008,833,In Stock
ER-849,Antique Gold,PL,ETB0046,807,In Stock
ER-852,Brick Red,PL,ETB0067,1045,In Stock
ER-853,GREY,PL,ETB0071,513,In Stock
ER-856,Glazed Bronze,PL,ETB0728,111,In Stock
ER-858,Cuprum Metallic,PL,ETB0552A,593,In Stock
ER-858,Cuprum Metallic,PL,ETB0552B,832,In Stock
ER-859,Ivory White,PL,ETB0540A,150,In Stock
ER-859,Ivory White,PL,ETB0540B,1073,In Stock
ER-861,Lush Aqua,RB/TI,ETB0274,677,In Stock
ER-861,Lush Aqua,RB/TI,ETB0547,1409,In Stock
ER-862,Midnight Blue,PL,ETB0307,1399,In Stock
ER-863,Bright Orange,PL,ETB0305,703,In Stock
ER-863,Bright Orange,PL,ETB0306,721,In Stock
ER-864,Mountain Lake Blue,RB/TI,ETB0317,1282,In Stock
ER-865,Light Green,RB/TI,ETB0318,1296,In Stock
ER-866,Persian,RB/TI,ETB0319,1081,In Stock
ER-867,Dark Champagne Gold,PL,ETB0304B,1208,In Stock
ER-868,Dholpur,PL,ETB0566,1013,In Stock
ER-868,Dholpur,PL,ETB0567,361,In Stock
ER-869,Traffic Grey,RB/TI,ETB0390,2199,In Stock
ER-869,Traffic Grey,RB/TI,ETB0391,751,In Stock
ER-870,Graphite-Grey,RB/TI,ETB0445,3251,In Stock
ER-871,VELVET OSLO GREY,PL,ETB0557,473,In Stock
ER-872,Green,RB/TI,ETB0661,1677,In Stock
ER-873,HIGH GLOSSY TRYPAN BLUE,GL,ETB0546,1239,In Stock
ER-874,HIGH GLOSSY TOMATO RED,GL,ETB0545,1265,In Stock
ER-875,PRUSSIAN BLUE,RB/TI,ETB0632,730,In Stock
ER-882,TEAL MINT,GL,ETB0628,868,In Stock
ER-883,FOG GREY,PL,ETB0638B,1027,In Stock
ER-884,Light Blue,PL,ETB0723,498,In Stock
ER-885,NA,GL,ETB0691,866,In Stock
ER-887,NA,DM,ETB0779,621,In Stock
ER-887,NA,DM,ETB0780,994,In Stock
ER-889,NA,DM,ETB0781,754,In Stock
ER-889,NA,DM,ETB0782,774,In Stock
ER-890,NA,GL,ETB0680,804,In Stock
ER-890,NA,GL,ETB0681A,436,In Stock
ER-890,NA,GL,ETB0681B,591,In Stock
ER-891,NA,GL,ETB0776,1517,In Stock
ER-902,High Gloss Burgandy,PL,LJF-4616,1171,In Stock
ER-907,High Gloss Red,GL,ETA139B,671,In Stock
ER-907,High Gloss Red,GL,ETB0523,1221,In Stock
ER-907,High Gloss Red,GL,ETB0524,1324,In Stock
ER-907,High Gloss Red,GL,ETB0525A,1716,In Stock
ER-907,High Gloss Red,GL,ETB0525B,974,In Stock
ER-907,High Gloss Red,GL,ETB0525C,2069,In Stock
ER-907,High Gloss Red,GL,LJ-5156,2756,In Stock
ER-907,High Gloss Red,GL,LJ-5157,2761,In Stock
ER-907,High Gloss Red,RB/TI,ETB0293B,1201,In Stock
ER-907,High Gloss Red,RB/TI,ETB0293C,852,In Stock
ER-908,Milky White,GL,ETB0341A,1409,In Stock
ER-908,Milky White,GL,ETB0341B,1113,In Stock
ER-908,Milky White,GL,ETB0342,2367,In Stock
ER-908,Milky White,PL,GK-2107,2156,In Stock
ER-908,Milky White,RB/TI,ETB0448,574,In Stock
ER-908,Milky White,RB/TI,ETB0449B,570,In Stock
ER-908,Milky White,RB/TI,ETB0671B,2079,In Stock
ER-908,Milky White,RB/TI,ETB0671C,1663,In Stock
ER-908,Milky White,RB/TI,ETB0672,522,In Stock
ER-909,High Gloss Deep Blue,NAYARA CHINA,LJF-2718,3266,In Stock
ER-909,High Gloss Deep Blue,NAYARA CHINA,LJF-3045,2473,In Stock
ER-909,High Gloss Deep Blue,NAYARA CHINA,LJF-3482,4047,In Stock
ER-909 ,High Gloss Deep Blue,DM,LJF-3754,2488,In Stock
ER-911,High Gloss White,GL,ETB0283A,449,In Stock
ER-911,High Gloss White,GL,ETB0285B,1088,In Stock
ER-911,High Gloss White,MQ,UN-018,6249,In Stock
ER-911,High Gloss White,MQ,UN-019,6581,In Stock
ER-911,High Gloss White,PL,ETB0498A,483,In Stock
ER-911,High Gloss White,PL,ZT-481,1761,In Stock
ER-911,High Gloss White,PL,ZT-482,2080,In Stock
ER-911,High Gloss White,PL,ZT-487,1875,In Stock
ER-911,High Gloss White,RB/TI,ETB0604,3900,In Stock
ER-911,High Gloss White,RB/TI,ETB0734,3216,In Stock
ER-911,High Gloss White,RB/TI,ETB0735A,3390,In Stock
ER-911,High Gloss White,RB/TI,ETB0735B,1792,In Stock
ER-912 ,High Gloss Cool Grey,RB/TI,ETB0364B,3629,In Stock
ER-913,High Gloss Light Blue,NAYARA CHINA,LJF-2911,2606,In Stock
ER-913,High Gloss Light Blue,NAYARA CHINA,LJF-3483,3344,In Stock
ER-913 ,High Gloss Light Blue,DM,LJF-3753,2282,In Stock
ER-914,High Gloss Black,RB/TI,ETB0442,1851,In Stock
ER-914,High Gloss Black,RB/TI,ETB0770,4286,In Stock
ERX-2001,Spotted Concrete,PLP,EMX-098,326,In Stock
ERX-2001,Spotted Concrete,PLP,EMX-099,412,In Stock
ERX-2001,Spotted Concrete,PLP,EMX-100,596,In Stock
ERX-2001,Spotted Concrete,PLP,EMX-101,538,In Stock
ERX-2010,Bright Brushed,PLP,EMX-078,560,In Stock
ERX-2012,Titanium Brushed,PLP,EMX-122,835,In Stock
ERX-2012,Titanium Brushed,PLP,EMX-123,632,In Stock
ERX-2013,Elox Umber Brushed,PLP,EMX-120,590,In Stock
ERX-2013,Elox Umber Brushed,PLP,EMX-121,828,In Stock
ERX-2021,Brilliant Silver,DM,EMX-005,1197,In Stock
ERX-2021,Brilliant Silver,DM,EMX-006,501,In Stock
ERX-2021,Brilliant Silver,DM,EMX-056,544,In Stock
ERX-2021,Brilliant Silver,DM,EMX-070,1591,In Stock
ERX-2021,Brilliant Silver,DM,EMX-071,956,In Stock
ERX-2021,Brilliant Silver,DM,EMX-072,796,In Stock
ERX-2026,Traffic Red,DM,EMX-032,674,In Stock
ERX-2026,Traffic Red,DM,EMX-033,1186,In Stock
ERX-2026,Traffic Red,DM,EMX-057,1015,In Stock
ERX-2030,Slate Stone Black,PLP,EMX-114,206,In Stock
ERX-2030,Slate Stone Black,PLP,EMX-115,519,In Stock
ERX-2030,Slate Stone Black,PLP,EMX-116,1016,In Stock
ERX-2031,Glistening Snow,PLP,EMX- 082,619,In Stock
ERX-2031,Glistening Snow,PLP,EMX- 083,1111,In Stock
ERX-2031,Glistening Snow,PLP,EMX-055,100,In Stock
ERX-2031,Glistening Snow,PLP,EMX-117,1019,In Stock
ERX-2035,Terracotta Orange Brown,DM,EMX-118,1189,In Stock
ERX-2037,Beige Grey,DM,EMX- 086,520,In Stock
ERX-2037,Beige Grey,DM,EMX- 087,1632,In Stock
ERX-2037,Beige Grey,DM,EMX-119,1644,In Stock
ERX-2038,Dark Oxide I,DM,EMX- 088,274,In Stock
ERX-2038,Dark Oxide I,DM,EMX- 089,845,In Stock
ERX-2038,Dark Oxide I,DM,EMX- 090,1340,In Stock
ERX-2038,Dark Oxide I,DM,EMX-105,464,In Stock
ERX-2038,Dark Oxide I,DM,EMX-106,584,In Stock
ERX-2045,Plated Gold,PLP,EMX-102,104,In Stock
ERX-2045,Plated Gold,PLP,EMX-110,943,In Stock
ERX-2045,Plated Gold,PLP,EMX-111,943,In Stock
ERX-2045,Plated Gold,PLP,EMX-112,943,In Stock
ERX-2046,Plated Silver,PLP,EMX-103,719,In Stock
ERX-2046,Plated Silver,PLP,EMX-104,901,In Stock
ERX-2047,Sterling Silver Polished,DM,EMX-009,778,In Stock
ERX-2047,Sterling Silver Polished,DM,EMX-010,1661,In Stock
ERX-2048,Brass Gold Polished,DM,EMX-058,347,In Stock
ERX-2049,Aerospace Titanium Polished,DM,EMX-068,1313,In Stock
ERX-2049,Aerospace Titanium Polished,DM,EMX-069,493,In Stock
ERX-2050,Self Weathering Zinc Pro,PLP,EMX-013,250,In Stock
ERX-2050,Self Weathering Zinc Pro,PLP,EMX-014,619,In Stock
ERZ-10,NA,ZRD,EZ-007,83,In Stock
ERZ-12,NA,ZRD,EZ-003,79,In Stock
ERZ-3004,Skygrey,ZPLP,EZ-009,370,In Stock
ERZ-3008,Blue,ZPLP,EZ-015,186,In Stock
ERZ-3008,Blue,ZPLP,EZ-024,707,In Stock
ERZ-3008,Blue,ZPLP,EZ-025,707,In Stock
ERZ-3008,Blue,ZPLP,EZ-026,705,In Stock
ERZ-3008,Blue,ZPLP,EZ-027,708,In Stock
ERZ-3008,Blue,ZPLP,EZ-028,709,In Stock
ERZ-3009,Red,ZRD,SM-001,138,In Stock
ERZ-3010,Green,ZPLP,EZ-016,674,In Stock
ERZ-3010,Green,ZPLP,EZ-017,705,In Stock
ERZ-3010,Green,ZPLP,EZ-029,708,In Stock
ERZ-3010,Green,ZPLP,EZ-030,880,In Stock
ERZ-3010,Green,ZPLP,EZ-031,881,In Stock
ERZ-6,NA,ZRD,EZ-002,90,In Stock
ERZ-7,NA,ZRD,EZ-006,91,In Stock
ERZ-8,NA,ZRD,EZ-005,93,In Stock
ERZ-9,NA,ZRD,EZ-001,72,In Stock
Mill Finish,NA,PL,EBB0680,509,In Stock
RZ-3004,Skygrey,ZPLP,RZ-007,690,In Stock
RZ-3004,Skygrey,ZPLP,RZ-008,536,In Stock
RZ-3004,Skygrey,ZPLP,RZ-009,689,In Stock
RZ-3004,Skygrey,ZPLP,RZ-010,686,In Stock
RZ-3004,Skygrey,ZPLP,RZ-011,690,In Stock
RZ-3005,Basalte,ZPLP,RZ-002,722,In Stock
RZ-3005,Basalte,ZPLP,RZ-003,723,In Stock
RZ-3005,Basalte,ZPLP,RZ-004,718,In Stock
RZ-3005,Basalte,ZPLP,RZ-005,724,In Stock
RZ-3005,Basalte,ZPLP,RZ-006,712,In Stock
RZ-3008,Blue,ZPLP,RZ-012,670,In Stock
RZ-3008,Blue,ZPLP,RZ-013,707,In Stock
RZ-3008,Blue,ZPLP,RZ-014,707,In Stock
RZ-3008,Blue,ZPLP,RZ-015,698,In Stock
RZ-3008,Blue,ZPLP,RZ-016,711,In Stock
RZ-3011,Black,ZPLP,RZ-017,296,In Stock
RZ-3011,Black,ZPLP,RZ-018,548,In Stock
RZ-3011,Black,ZPLP,RZ-019,700,In Stock
RZ-3011,Black,ZPLP,RZ-020,705,In Stock
RZ-3011,Black,ZPLP,RZ-021,707,In Stock
ZER-001,Back Coil,PL,VMZ-001,100,In Stock
